AGNES SCOTT COLLEGE|DECATUR|GA
Abilene Christian University|Abilene|TX
Abraham Baldwin Agri College|Tifton|GA
Adams State College|Alamosa|CO
Adelphi University|Garden City|NY
Aims Community College|Greeley|CO
Alabama A & M University|Normal|AL
Alabama State University|Montgomery|AL
Albany State University|Albany|GA
Albertus Magnus College|New Haven|CT
Albion College|Albion|MI
Albright College|Reading|PA
Alcorn State University|Alcorn State|MS
Alexandria Technical & Community College|Alexandria|MN
Alfred University|Alfred|NY
Allan Hancock College|Santa Maria|CA
Alliant International University|San Diego|CA
Alma College|Alma|MI
Alvernia College|Reading|PA
Alvin Community College-Alvin|Alvin|TX
American International College|Springfield|MA
American River College|Sacramento|CA
American University|Washington|DC
Anderson University, IN|Anderson|IN
Anderson University, SC|Anderson|SC
Andrews University-Michigan|Berrien Springs|MI
Angelo State University|San Angelo|TX
Anoka Technical College|Anoka|MN
Anoka-Ramsey Community College|Coon Rapids|MN
Antelope Valley College|Lancaster|CA
Appalachian State University|Boone|NC
Aquinas College|Grand Rapids|MI
Arizona State University - Downtown|Phoenix|AZ
Arizona State University - Polytech|Mesa|AZ
Arizona State University - West Campus|Glendale|AZ
Arizona State University-Tempe|Tempe|AZ
Arkansas State University|State University|AR
Arkansas Tech University|Russellville|AR
Armstrong Atlantic State University|Savannah|GA
Asbury Theological Sem-Kentuc|Wilmore|KY
Ashford University|Clinton|IA
Asnuntuck Community College|Enfield|CT
Athens State University|Athens|AL
Atlanta Metropolitan College|Atlanta|GA
Atlantic Cape Community College|Mays Landing|NJ
Auburn University|Auburn|AL
Auburn University at Montgomery|Montgomery|AL
Augusta State University|Augusta|GA
Augustana College|Rock Island|IL
Aurora University|Aurora|IL
Austin College|Sherman|TX
Austin Community College - Northridge|Austin|TX
Austin Community College District|Austin|TX
Austin Peay State University|Clarksville|TN
Averett University|Danville|VA
Azusa Pacific University|Azusa|CA
BAKER COLLEGE OF CLINTON TOWNSHIP|CLINTON TWP|MI
BAKER COLLEGE OF MUSKEGON|MUSKEGON|MI
BAKER COLLEGE OF OWOSSO|OWOSSO|MI
BRYANT AND STRATTON COLLEGE-CLEVELAND|CLEVELAND|OH
Babson College|Wellesley|MA
Bainbridge College|Bainbridge|GA
Bakersfield College|Bakersfield|CA
Baldwin-Wallace College|Berea|OH
Ball State University|Muncie|IN
Bard College|Annandale-On-Hudson|NY
Barry University-Miami|Miami|FL
Barstow College|Barstow|CA
Baruch College|New York|NY
Bates College|Lewiston|ME
Bay Path College-Longmeadow|Longmeadow|MA
Baylor University|Waco|TX
Bellarmine University|Louisville|KY
Bellevue Community College|Bellevue|WA
Belmont Abbey College|Belmont|NC
Belmont University|Nashville|TN
Bemidji State University|Bemidji|MN
Benedictine University|Lisle|IL
Bentley College|Waltham|MA
Bergen Community College|Paramus|NJ
Berkeley City College|Berkeley|CA
Berkeley College-New York City|New York|NY
Bethel College|Mishawaka|IN
Biola University|La Mirada|CA
Birmingham Southern College|Birmingham|AL
Black Hawk College-Quad Cities|Moline|IL
Blinn College|Brenham|TX
Blinn College - Bryan|Bryan|TX
Bloomfield College|Bloomfield|NJ
Bloomsburg University|Bloomsburg|PA
Bluefield State College|Bluefield|WV
Bluegrass Community/Tech College-Cooper|Lexington|KY
Bob Jones University|Greenville|SC
Boise State University|Boise|ID
Borough Manhattan Community College|New York|NY
Boston College|Chestnut Hill|MA
Boston University|Boston|MA
Bowdoin College|Brunswick|ME
Bowie State University|Bowie|MD
Bowling Green State University|Bowling Green|OH
Bradley University|Peoria|IL
Brandeis University|Waltham|MA
Brenau University|Gainesville|GA
Brewton-Parker College|Mount Vernon|GA
Briar Cliff University|Sioux City|IA
Bridgewater State College|Bridgewater|MA
Brigham Young University-Provo|Provo|UT
Bronx Community College|Bronx|NY
Brookhaven College|Farmers Branch|TX
Brooklyn College|Brooklyn|NY
Brooklyn Law School|Brooklyn|NY
Broome Community College|Binghamton|NY
Broward Community College - Downtown|Fort Lauderdale|FL
Broward Community College-Central Camp|Forth Lauderdale|FL
Brown University|Providence|RI
Bryant University|Smithfield|RI
Bryn Mawr College|Bryn Mawr|PA
Bucknell University|Lewisburg|PA
Bucks Co Community College-Newton|Newtown|PA
Buena Vista University|Storm Lake|IA
Buffalo State College|Buffalo|NY
Bunker Hill Community College-Boston|Boston|MA
Burlington Co College-Pemberton|Pemberton|NJ
Butler County Community College|El Dorado|KS
Butler University|Indianapolis|IN
CAPITOL COLLEGE|LAUREL|MD
CAYUGA COUNTY COMMUNITY COLLEGE|AUBURN|NY
CENTRAL OREGON COMMUNITY COLLEGE|BEND|OR
CLARION UNIVERSITY OF PA-VENANGO|OIL CITY|PA
CLEVELAND STATE COMMUNITY COLLEGE|CLEVELAND|TN
COLLEGE OF ST CATHERINE|SAINT PAUL|MN
CSU Bakersfield|Bakersfield|CA
CSU Channel Islands|Camarillo|CA
CSU Dominguez Hills|Carson|CA
CSU East Bay|Hayward|CA
CSU San Marcos|San Marcos|CA
CSU Stanislaus|Turlock|CA
CUNY College of Staten Island|Staten Island|NY
CUNY Hunter College|New York|NY
CUNY Laguardia Community College|Long Island City|NY
CUNY Queens College|Flushing|NY
CUNY York College|Jamaica|NY
CY-FAIR COLLEGE-FAIRBANKS|HOUSTON|TX
Cabrillo College|Aptos|CA
Cabrini College|Radnor|PA
Cal Polytechnic State University|San Luis Obispo|CA
Cal St University-San Bernardino|San Bernardino|CA
Cal State Polytech-Pomona|Pomona|CA
Calif Institute of Integral Studies|San Francisco|CA
California Baptist University|Riverside|CA
California Institute of Technology|Pasadena|CA
California Lutheran University|Thousand Oaks|CA
California St University-Fresno|Fresno|CA
California St University-Fullerton|Fullerton|CA
California St University-Long Beach|Long Beach|CA
California St University-Los Angeles|Los Angeles|CA
California St University-Northridge|Northridge|CA
California St University-Sacramento|Sacramento|CA
California State University Chico|Chico|CA
California University of PA|California|PA
Calumet College of St Joseph|Whiting|IN
Calvin College|Grand Rapids|MI
Camden County College|Blackwood|NJ
Cameron University|Lawton|OK
Campbellsville University|Campbellsville|KY
Canada College|Redwood City|CA
Canisius College|Buffalo|NY
Capella University|Minneapolis|MN
Capital Community College|Hartford|CT
Capital University|Columbus|OH
Carl Sandburg College-Galesburg|Galesburg|IL
Carleton College|Northfield|MN
Carlow University|Pittsburgh|PA
Carnegie-Mellon University|Pittsburgh|PA
Carroll College|Helena|MT
Carroll Community College|Westminster|MD
Carson-Newman College|Jefferson City|TN
Case Western Reserve University|Cleveland|OH
Castleton State College|Castleton|VT
Catawba College|Salisbury|NC
Catholic University of America|Washington|DC
Cedarville University|Cedarville|OH
Centenary College|Hackettstown|NJ
Central Alabama Community College-Alex|Alexander City|AL
Central Arizona College-Signal Pea|Coolidge|AZ
Central Connecticut State University|New Britain|CT
Central Georgia Tech College|Macon|GA
Central Methodist University|Fayette|MO
Central Michigan University|Mount Pleasant|MI
Central New Mexico Community College|Albuquerque|NM
Central State University|Wilberforce|OH
Central Texas College|Killeen|TX
Central Washington University|Ellensburg|WA
Century College|White Bear Lake|MN
Cerritos College|Norwalk|CA
Cerro Coso Community College-Indian Wel|Ridgecrest|CA
Chabot College|Hayward|CA
Chadron State College|Chadron|NE
Chaminade University|Honolulu|HI
Chandler Gilbert Community College|Chandler|AZ
Chapman University-Orange|Orange|CA
Chatham College|Pittsburgh|PA
Chattahoochee Valley Community College|Phenix City|AL
Chattanooga St Tech Community College|Chattanooga|TN
Chemeketa Community College-Salem|Salem|OR
Chestnut Hill College|Philadelphia|PA
Cheyney University|Cheyney|PA
Chicago State University|Chicago|IL
Chipola Junior College|Marianna|FL
Christian Brothers University|Memphis|TN
Christopher Newport University|Newport News|VA
Citrus College|Glendora|CA
City College of New York|New York|NY
City College of San Francisco|San Francisco|CA
Claremont Graduate University|Claremont|CA
Claremont Mckenna College|Claremont|CA
Clarion University of Pennsylvania|Clarion|PA
Clark Atlanta University|Atlanta|GA
Clark College|Vancouver|WA
Clarkson University|Potsdam|NY
Clayton State University|Morrow|GA
Clemson University|Clemson|SC
Clermont College|Batavia|OH
Cleveland State University|Cleveland|OH
Clovis Community College|Clovis|NM
Coastal Carolina Community College|Jacksonville|NC
Coastal Carolina University|Conway|SC
Coastal Georgia Community College|Brunswick|GA
Coastline Community College|Fountain Valley|CA
Cochise College|Douglas|AZ
Coe College|Cedar Rapids|IA
Coker College|Hartsville|SC
Colgate University|Hamilton|NY
College of Alameda|Alameda|CA
College of Charleston|Charleston|SC
College of Dupage|Glen Ellyn|IL
College of Lake County|Grayslake|IL
College of Marin - Kentfield|Kentfield|CA
College of Mount Saint Joseph|Cincinnati|OH
College of Mt St Vincent|Bronx|NY
College of New Rochelle|New Rochelle|NY
College of Notre Dame of Md|Baltimore|MD
College of S Nevada - Cheyenne|North Las Vegas|NV
College of Saint Benedict|Saint Joseph|MN
College of Saint Elizabeth|Morristown|NJ
College of Saint Rose|Albany|NY
College of San Mateo|San Mateo|CA
College of The Canyons|Santa Clarita|CA
College of The Sequoias|Visalia|CA
College of The Siskiyous-Weed|Weed|CA
College of William & Mary|Williamsburg|VA
College of Wooster|Wooster|OH
Collin Co Community College - Spring Creek|Plano|TX
Collin Co Community College District|Plano|TX
Colorado Christian University|Lakewood|CO
Colorado Mt College-Glenwood Spr|Glenwood Springs|CO
Colorado School of Mines|Golden|CO
Colorado State University - Pueblo|Pueblo|CO
Colorado State University-Ft Collins|Fort Collins|CO
Columbia College|Sonora|CA
Columbia College|Chicago|IL
Columbia College|Columbia|MO
Columbia College|Columbia|SC
Columbia State Community College|Columbia|TN
Columbia University|New York|NY
Columbus State Community College|Columbus|OH
Columbus State University|Columbus|GA
Columbus Technical College|Columbus|GA
Community College of Baltimore County|Baltimore|MD
Community College of Denver-Auraria|Denver|CO
Community College of Rhode Island-Knigh|Warwick|RI
Concord University|Athens|WV
Concordia College-Moorhead|Moorhead|MN
Concordia University|Irvine|CA
Connecticut College|New London|CT
Contra Costa College|San Pablo|CA
Coppin State University|Baltimore|MD
Cornell University|Ithaca|NY
Cornerstone University|Grand Rapids|MI
Corning Community College|Corning|NY
Cosumnes River College|Sacramento|CA
County College of Morris|Randolph|NJ
Cowley College|Arkansas City|KS
Crafton Hills College|Yucaipa|CA
Creighton University|Omaha|NE
Cuesta College-Sn Luis Obispo|San Luis Obispo|CA
Curry College|Milton|MA
Cuyahoga Community College - Metro|Cleveland|OH
Cypress College|Cypress|CA
D'youville College|Buffalo|NY
DAVIDSON COUNTY COMMUNITY COLLEGE|LEXINGTON|NC
DELAWARE STATE UNIVERSITY|DOVER|DE
DEVRY UNIVERSITY-CHICAGO/LOOP|CHICAGO|IL
Daemen College|Amherst|NY
Dakota County Technical College|Rosemount|MN
Dalton State College|Dalton|GA
Danville Area Community College|Danville|IL
Dartmouth College|Hanover|NH
Darton College|Albany|GA
Davenport University-Lettinga|Grand Rapids|MI
Davidson College|Davidson|NC
Daytona Beach Community College-Daytona|Daytona Beach|FL
De Anza College|Cupertino|CA
Defiance College|Defiance|OH
Del Mar College|Corpus Christi|TX
Delaware County Community College|Media|PA
Delaware Tech & Community College-Terry|Dover|DE
Delaware Valley College|Doylestown|PA
Delgado Community College|New Orleans|LA
Delta College|University Center|MI
Denison University|Granville|OH
Depaul University - Lincoln Park|Chicago|IL
Depaul University-Chicago Loop|Chicago|IL
Depauw University|Greencastle|IN
Des Moines Area Community College|Ankeny|IA
Diablo Valley College|Pleasant Hill|CA
Dickinson College|Carlisle|PA
Dickinson State University|Dickinson|ND
Dixie State College of Utah|Saint George|UT
Dowling College|Oakdale|NY
Drake University|Des Moines|IA
Drexel University|Philadelphia|PA
Drury University|Springfield|MO
Duke University|Durham|NC
Duquesne University|Pittsburgh|PA
Dutchess Community College|Poughkeepsie|NY
ECPI COLLEGE OF TECH-VIRG BCH|VIRGINIA BCH|VA
EMBRY RIDDLE AERONAUTICAL UNIVERSITY-PRESCOTT|PRESCOTT|AZ
East Carolina University|Greenville|NC
East Central College|Union|MO
East Central University|Ada|OK
East Georgia College|Swainsboro|GA
East Stroudsburg University|East Stroudsburg|PA
East Tennessee State University|Johnson City|TN
East Texas Baptist University|Marshall|TX
Eastern Connecticut State University|Willimantic|CT
Eastern Illinois University|Charleston|IL
Eastern Kentucky University|Richmond|KY
Eastern Michigan University|Ypsilanti|MI
Eastern New Mexico University|Portales|NM
Eastern Oregon University|La Grande|OR
Eastern University|Saint Davids|PA
Eastern Washington University|Cheney|WA
Eastfield College|Mesquite|TX
Eckerd College|Saint Petersburg|FL
Edinboro University of Pennsylvania|Edinboro|PA
Edison College-Lee County|Fort Myers|FL
El Camino College - Compton Center|Compton|CA
El Centro College|Dallas|TX
El Paso Community College - Transmtn|El Paso|TX
El Paso Community College-Valle Verde|El Paso|TX
Elgin Community College|Elgin|IL
Elizabethtown College|Elizabethtown|PA
Elizabethtown Community/Tech College|Elizabethtown|KY
Elmhurst College|Elmhurst|IL
Elms College|Chicopee|MA
Elon University|Elon|NC
Embry-Riddle Aero University-Daytona|Daytona Beach|FL
Emerson College|Boston|MA
Emmanuel College|Boston|MA
Emory University|Atlanta|GA
Emporia State University|Emporia|KS
Endicott College|Beverly|MA
Essex County College-Newark|Newark|NJ
Eureka College|Eureka|IL
Evangel University|Springfield|MO
Evergreen Valley College|San Jose|CA
Excelsior College|Albany|NY
FAIRLEIGH DICKINSON UNIVERSITY-METROPOLITAN CAMPUS|HACKENSACK|NJ
FLORIDA INTL UNIV-BISCAYNE|MIAMI|FL
Fairfield University|Fairfield|CT
Fairleigh Dickinson University|Teaneck|NJ
Farmingdale State College|Farmingdale|NY
Fashion Institute of Technology|New York|NY
Faulkner State Community College-Bay M|Bay Minette|AL
Faulkner University|Montgomery|AL
Fayetteville State University|Fayetteville|NC
Fayetteville Tech Community College|Fayetteville|NC
Felician College|Lodi|NJ
Ferris State University|Big Rapids|MI
Florida Agricultural and Mechanical University|Tallahassee|FL
Florida Atlantic University, Boca Raton|Boca Raton|FL
Florida Community College - Martin Ctr|Jacksonville|FL
Florida Gulf Coast University|Fort Myers|FL
Florida Institute of Tech|Melbourne|FL
Florida International University-Miami|Miami|FL
Florida Memorial University|Miami Gardens|FL
Florida Southern College|Lakeland|FL
Florida State University|Tallahassee|FL
Fond Du Lac Tribal & Community College|Cloquet|MN
Fontbonne University|Saint Louis|MO
Foothill College|Los Altos Hills|CA
Fordham University, Rose Hill|Bronx|NY
Forsyth Technical Community College|Winston Salem|NC
Fort Lewis College|Durango|CO
Fort Valley State University|Fort Valley|GA
Fox Valley Tech College-Appleton|Appleton|WI
Framingham State College|Framingham|MA
Francis Marion University|Florence|SC
Franklin University|Columbus|OH
Franklin and Marshall College|Lancaster|PA
Fresno City College|Fresno|CA
Fresno Pacific University|Fresno|CA
Friends University|Wichita|KS
Front Range Community College|Westminster|CO
Frostburg State University|Frostburg|MD
Fuller Theological Seminary|Pasadena|CA
Fullerton College|Fullerton|CA
Furman University|Greenville|SC
GOLDEN STATE COLLEGE|BAKERSFIELD|CA
Gainesville College|Oakwood|GA
Gallaudet University|Washington|DC
Gannon University|Erie|PA
Gardner-Webb University|Springs|NC
Gaston College|Dallas|NC
Gateway Community College|Phoenix|AZ
Gavilan College|Gilroy|CA
Genesee Community College|Batavia|NY
Geneva College|Beaver Falls|PA
George Mason University|Fairfax|VA
George Washington University|Washington|DC
Georgetown University|Washington|DC
Georgia College and State University|Milledgeville|GA
Georgia Gwinnett College|Lawrenceville|GA
Georgia Highlands College|Rome|GA
Georgia Institute of Technology|Atlanta|GA
Georgia Perimeter College|Decatur|GA
Georgia Perimeter College - Dunwoody|Dunwoody|GA
Georgia Southern University|Statesboro|GA
Georgia Southwestern State University|Americus|GA
Georgia State University|Atlanta|GA
Georgian Court University|Lakewood|NJ
Germanna Community College-Locust Grove|Locust Grove|VA
Gettysburg College|Gettysburg|PA
Gillette College|Sheridan|WY
Glendale Community College|Glendale|AZ
Glendale Community College|Glendale|CA
Glenville State College|Glenville|WV
Gloucester County College|Sewell|NJ
Golden Gate University|San Francisco|CA
Golden West College|Huntington Beach|CA
Goldey Beacom College|Wilmington|DE
Gonzaga University|Spokane|WA
Gordon College|Barnesville|GA
Gordon College|Wenham|MA
Goucher College|Baltimore|MD
Governors State University|University Park|IL
Graceland University|Lamoni|IA
Grambling State University|Grambling|LA
Grand Canyon University|Phoenix|AZ
Grand Rapids Community College|Grand Rapids|MI
Grand Valley St University - Allendale|Allendale|MI
Grand Valley St University - Meijer|Holland|MI
Grand Valley State University|Grand Rapids|MI
Grand View College|Des Moines|IA
Granite State College|Concord|NH
Great Basin College|Elko|NV
Greenfield Community College|Greenfield|MA
Grossmont College|El Cajon|CA
Grove City College|Grove City|PA
Guilford College|Greensboro|NC
Guilford Tech Community College|Jamestown|NC
Gulf Coast Community College-Main|Panama City|FL
HARVEY MUDD COLLEGE|CLAREMONT|CA
HCC North East-No Line Mall CT|Houston|TX
HINDS CMTY COLLEGE-RANKIN|PEARL|MS
HOUSTON COMMUNITY COLLEGE SYSTEM|HOUSTON|TX
Hampton University|Hampton|VA
Hardin-Simmons University|Abilene|TX
Harding University|Searcy|AR
Harford Community College|Bel Air|MD
Harold Washington College|Chicago|IL
Harrisburg Area Community College - Wild|Harrisburg|PA
Hartnell College|Salinas|CA
Harvard University|Cambridge|MA
Hastings College|Hastings|NE
Haverford College|Haverford|PA
Hawaii Pacific University|Honolulu|HI
Heartland Community College|Normal|IL
Heidelberg College-Tiffin|Tiffin|OH
Hendrix College|Conway|AR
Hennepin Tech College-Brooklyn|Brooklyn Park|MN
Herbert H Lehman College|Bronx|NY
Herkimer County Community College|Herkimer|NY
Highland Community College|Highland|KS
Hilbert College|Hamburg|NY
Hillsborough Community College Dist Off|Tampa|FL
Hillsborough Community-Dale Mabry|Tampa|FL
Hofstra University|Hempstead|NY
Holyoke Community College|Holyoke|MA
Honolulu Community College|Honolulu|HI
Hood College|Frederick|MD
Hope College|Holland|MI
Horry-Georgetown Tech College|Conway|SC
Houghton College|Houghton|NY
Housatonic Community College|Bridgeport|CT
Houston Baptist University|Houston|TX
Howard Community College|Columbia|MD
Howard University|Washington|DC
Hudson Valley Community College|Troy|NY
Humboldt State University|Arcata|CA
Huntingdon College|Montgomery|AL
INDIANA UNIVERSITY-SOUTHEAST|NEW ALBANY|IN
IVY TECH COMMUNITY COLLEGE-BLOOMINTON|BLOOMINGTON|IN
IVY TECH COMMUNITY COLLEGE-LAFAYETTE|LAFAYETTE|IN
IVY TECH COMMUNITY COLLEGE-WABASH VALLEY|TERRE HAUTE|IN
Idaho State University-Pocatello|Pocatello|ID
Illinois Institute of Technology|Chicago|IL
Illinois State University|Normal|IL
Illinois Valley Community College|Oglesby|IL
Illinois Wesleyan University|Bloomington|IL
Immaculata University|Immaculata|PA
Indian River Community College-Main|Fort Pierce|FL
Indiana State University|Terre Haute|IN
Indiana Tech|Fort Wayne|IN
Indiana Univ/Purdue Univ at IN|Indianapolis|IN
Indiana University|Bloomington|IN
Indiana University - South Bend|South Bend|IN
Indiana University Northwest|Gary|IN
Indiana University Purdue - Fort Wayne|Fort Wayne|IN
Indiana University of Pennsylvania|Indiana|PA
Inver Hills Community College|Inver Grove Heights|MN
Iowa Central Community College|Fort Dodge|IA
Iowa Lakes Community College Office|Estherville|IA
Iowa State University|Ames|IA
Iowa Western Community College|Clarinda|IA
Irvine Valley College|Irvine|CA
Itawamba Community College-Fulton|Fulton|MS
Ithaca College|Ithaca|NY
Ivy Tech Cmty Clg - Indianapolis|Indianapolis|IN
J S REYNOLDS CMTY CLG-PARHAM|RICHMOND|VA
Jackson Community College|Jackson|MI
Jackson State Community College|Jackson|TN
Jackson State University|Jackson|MS
Jacksonville State University|Jacksonville|AL
Jacksonville University|Jacksonville|FL
James Madison University|Harrisonburg|VA
Jefferson Community Tech College - downtown|Louisville|KY
Jefferson Community Tech College-Louis|Louisville|KY
Jefferson State Community College|Birmingham|AL
John Brown University|Siloam Springs|AR
John Carroll University|Cleveland|OH
John F Kennedy University|Pleasant Hill|CA
John Jay College of Criminal Just|New York|NY
John Wood Community College|Quincy|IL
Johns Hopkins University|Baltimore|MD
Johnson & Wales University|Providence|RI
Johnson County Community College|Overland Park|KS
Johnston Community College|Smithfield|NC
Joliet Junior College|Joliet|IL
Juniata College|Huntingdon|PA
KILGORE COLLEGE|KILGORE|TX
Kalamazoo Vly Community College-TX Town|Kalamazoo|MI
Kansas City Kansas Community College|Kansas City|KS
Kansas State University|Manhattan|KS
Kean University|Union|NJ
Keene State College|Keene|NH
Kennesaw State University|Kennesaw|GA
Kent State University|Kent|OH
Kentucky Wesleyan College|Owensboro|KY
Kenyon College|Gambier|OH
Kettering University|Flint|MI
Keuka College|Keuka Park|NY
Keystone College|La Plume|PA
King College|Bristol|TN
Kingsborough Community College|Brooklyn|NY
Kirkwood Community College|Cedar Rapids|IA
Kishwaukee College|Malta|IL
Kutztown University|Kutztown|PA
LIFE UNIVERSITY|MARIETTA|GA
La Roche College|Pittsburgh|PA
La Salle University|Philadelphia|PA
La Sierra University|Riverside|CA
Lab Institute of Merchandising|New York|NY
Lafayette College|Easton|PA
Lake City Community College|Lake City|FL
Lake Superior College|Duluth|MN
Lake Superior State University|Sault Ste Marie|MI
Lake Tahoe Community College|South Lake Tahoe|CA
Lake Washington Technical College|Kirkland|WA
Lake-Sumter Community College-Leesburg|Leesburg|FL
Lamar University|Beaumont|TX
Lane Community College|Eugene|OR
Laney College|Oakland|CA
Lansing Community College|Lansing|MI
Laredo Community College|Laredo|TX
Las Positas College|Livermore|CA
Lasell College|Newton|MA
LeTourneau University|Longview|TX
Lebanon Valley College|Annville|PA
Leeward Community College|Pearl City|HI
Lehigh Carbon Community College|Schnecksville|PA
Lehigh University|Bethlehem|PA
Lenoir-Rhyne College|Hickory|NC
Lesley University|Cambridge|MA
Lewis University|Romeoville|IL
Liberty University|Lynchburg|VA
Lincoln College-Lincoln|Lincoln|IL
Lincoln Land Community College|Springfield|IL
Lincoln Memorial University|Harrogate|TN
Lincoln University|Lincoln University|PA
Lindenwood University|Saint Charles|MO
Lindsey Wilson College|Columbia|KY
Linfield College|McMinnville|OR
Linn Benton Community College|Albany|OR
Lipscomb University|Nashville|TN
Lock Haven University of Penn|Lock Heaven|PA
Logan College of Chiropractic|Chesterfield|MO
Loma Linda University|Loma Linda|CA
Long Beach City College|Long Beach|CA
Long Island University|Brooklyn|NY
Long Island University - CW Post|Brookville|NY
Longwood University|Farmville|VA
Loras College|Dubuque|IA
Lord Fairfax Community College-Middle|Middletown|VA
Los Angeles City College|Los Angeles|CA
Los Angeles Valley College|Valley Glen|CA
Louisiana State University|Baton Rouge|LA
Louisiana Tech University|Ruston|LA
Lourdes College|Sylvania|OH
Loyola College In Maryland|Baltimore|MD
Loyola Marymount University|Los Angeles|CA
Loyola University - Lakeshore|Chicago|IL
Loyola University-New Orleans|New Orleans|LA
Loyola University-Watertower|Chicago|IL
Luzerne County Community College|Nanticoke|PA
Lycoming College|Williamsport|PA
Lynchburg College|Lynchburg|VA
MIAMI-DADE CLG-HOMESTEAD|HOMESTEAD|FL
MIAMI-DADE CLG-WEST|DORAL|FL
MONTANA STATE UNIVERSITY-BILLINGS|BILLINGS|MT
Macalester College|Saint Paul|MN
Macomb Community College|Warren|MI
Macon State College|Macon|GA
Madisonville Community College-Madisonv|Madisonville|KY
Malone College|Canton|OH
Manchester College|North Manchester|IN
Manchester Community College|Manchester|CT
Manhattan College|Bronx|NY
Mansfield University|Mansfield|PA
Marian College|Indianapolis|IN
Marietta College|Marietta|OH
Marist College|Poughkeepsie|NY
Marquette University|Milwaukee|WI
Mars Hill College|Mars Hills|NC
Marshall University|Huntington|WV
Martin Methodist College|Pulaski|TN
Mary Baldwin College|Staunton|VA
Marygrove College|Detroit|MI
Marylhurst University|Marylhurst|OR
Marymount Manhattan College|New York|NY
Marywood University|Scranton|PA
Mass College of Liberal Arts|North Adams|MA
Massachusetts College of Art|Boston|MA
Massachusetts Institute of Technology|Cambridge|MA
Massachusetts Maritime Academy|Buzzards Bay|MA
Massasoit Community College-Brockton|Brockton|MA
Master's College and Seminary|Santa Clarita|CA
Maui Community College|Kahului|HI
McMurry University|Abilene|TX
McNeese State University|Lake Charles|LA
Mcdaniel College|Westminster|MD
Mchenry County College|Crystal Lake|IL
Mckendree College|Lebanon|IL
Medgar Evers College|Brooklyn|NY
Medical College of Georgia|Augusta|GA
Merced College|Merced|CA
Mercer Co Community College-West Windso|West Windsor|NJ
Mercer University|Macon|GA
Mercy College-Dobbs Ferry|Dobbs Ferry|NY
Merritt College|Oakland|CA
Mesa Community College|Mesa|AZ
Mesa State College|Grand Junction|CO
Messiah College|Grantham|PA
Methodist University|Fayetteville|NC
Metropolitan St College of Denver|Denver|CO
Metropolitan State University|Saint Paul|MN
Mgh Institute of Health Professions|Boston|MA
Miami University-Oxford|Oxford|OH
Miami-Dade Clg-Kendall|Miami|FL
Miami-Dade College - North|Miami|FL
Miami-Dade College-Wolfson|Miami|FL
Michigan State University|East Lansing|MI
Michigan Technological University|Houghton|MI
Midamerica Nazarene University|Olathe|KS
Middle Tennessee State University|Murfreesboro|TN
Middlebury College|Middlebury|VT
Middlesex Community College|Middletown|CT
Middlesex County College|Edison|NJ
Midlands Technical College|West Columbia|SC
Midwestern State University|Wichita Falls|TX
Millersville University|Millersville|PA
Millikin University|Decatur|IL
Mills College|Oakland|CA
Minneapolis Community/Technical College|Minneapolis|MN
Minnesota State University Moorhead|Moorhead|MN
Minnesota State University-Mankato|Mankato|MN
Minnesota West Community/Technical College|Canby|MN
Minot State University|Minot|ND
Miracosta College-Oceanside|Oceanside|CA
Misericordia University|Dallas|PA
Mission College|Santa Clara|CA
Mississippi College|Clinton|MS
Mississippi State University|Mississippi State|MS
Mississippi University for Women|Columbus|MS
Mississippi Valley State University|Itta Bena|MS
Missouri Southern State University|Joplin|MO
Missouri State University|Springfield|MO
Missouri Western State College|Saint Joseph|MO
Modesto Junior College-East|Modesto|CA
Monmouth University|West Long Branch|NJ
Monroe Community College-Rochester|Rochester|NY
Monroe County Community College|Monroe|MI
Montana State University|Bozeman|MT
Montclair State University|Montclair|NJ
Montgomery College|Rockville|MD
Montgomery College - Rockville|Rockville|MD
Moorpark College|Moorpark|CA
Moraine Park Technical College|Beaver Dam|WI
Morehead State University|Morehead|KY
Morehouse College|Atlanta|GA
Morgan Community College|Fort Morgan|CO
Morgan State University|Baltimore|MD
Morton College|Cicero|IL
Motlow State Community College|Tullahoma|TN
Mount Ida College|Newton|MA
Mount St Marys College|Los Angeles|CA
Mount St Marys University|Emmitsburg|MD
Mount Union College|Alliance|OH
Mount Vernon Nazarene University|Mount Vernon|OH
Mount Wachusett Community College|Gardner|MA
Mountain View College|Dallas|TX
Mt San Antonio College|Walnut|CA
Muhlenberg College|Allentown|PA
Murray State University|Murray|KY
Muskingum College|New Concord|OH
N Virginia Community College - Annandale|Annandale|VA
NORTH HARRIS MONTGOMERY COMMUNITY COLLEGE DISTRICT|HOUSTON|TX
NORTHEASTERN OHIO UNIVERSITIES COLLEGES OF MEDICINE AND PHARMACY|ROOTSTOWN|OH
Napa Valley College|Napa|CA
Nashua Community College|Nashua|NH
Nashville State Community College-Nash|Nashville|TN
Nassau Community College|Garden City|NY
National University|La Jolla|CA
National-Louis University|Chicago|IL
Neumann College|Aston|PA
New England College|Henniker|NH
New England Institute of Technology|Warwick|RI
New England School of Law|Boston|MA
New Jersey City University|Jersey City|NJ
New Jersey Institute of Technology|Newark|NJ
New Mexico Highlands University|Las Vegas|NM
New Mexico State University|Las Cruces|NM
New Mexico Tech|Socorro|NM
New Orleans Baptist Theo Sem|New Orleans|LA
New School University|New York|NY
New York Cty College of Technology|Brooklyn|NY
New York University|New York|NY
Newman University|Wichita|KS
Niagara County Community College|Sanborn|NY
Niagara University|Niagara|NY
Nicholls State University|Thibodaux|LA
Nichols College|Dudley|MA
Norfolk State University|Norfolk|VA
Normandale Community College|Bloomington|MN
North Carolina A&T State University|Greensboro|NC
North Carolina Central University|Durham|NC
North Carolina State University|Raleigh|NC
North Central College|Naperville|IL
North Dakota State University|Fargo|ND
North Georgia College/State University|Dahlonega|GA
North Hennepin Community College|Brooklyn Park|MN
North Park University|Chicago|IL
North Virginia Community College-Alexandria|Alexandria|VA
Northampton Community College-Bethlehem|Bethlehem|PA
Northeast Community College|Norfolk|NE
Northeast State Tech Community College|Blountville|TN
Northeast Texas Community College|Mount Pleasant|TX
Northeast Wisconsin Tech College|Green Bay|WI
Northeastern Illinois University|Chicago|IL
Northeastern Junior College|Sterling|CO
Northeastern State University|Tahlequah|OK
Northeastern University|Boston|MA
Northern Arizona University|Flagstaff|AZ
Northern Illinois University|Dekalb|IL
Northern Kentucky University|Highland Heights|KY
Northern Michigan University|Marquette|MI
Northern New Mexico College|Espanola|NM
Northwest Arkansas Community College|Bentonville|AR
Northwest Missouri State University|Maryville|MO
Northwest Nazarene University|Nampa|ID
Northwest Technical College - Bemidji|Bemidji|MN
Northwest Vista College|San Antonio|TX
Northwestern College|Saint Paul|MN
Northwestern University|Evanston|IL
Northwood University-Michigan|Midland|MI
Norwalk Community College|Norwalk|CT
Norwich University|Northfield|VT
Notre Dame College of Ohio|Cleveland|OH
Nova Southeastern University|Fort Lauderdale|FL
Ny Institute of Technology|Old Westbury|NY
OAKLAND CMTY CLG-ORCHARD RIDGE|FARMINGTON|MI
OAKTON CMTY CLG-RAY HARTSTEIN|SKOKIE|IL
OHIO UNIVERSITY-EASTERN CAMPUS|ST CLAIRSVLE|OH
Oakland City University-Oakland City|Oakland City|IN
Oakland Community College Dist|Bloomfield Hills|MI
Oakland University|Rochester Hills|MI
Oakton Community College-Des Plaine|Des Plaines|IL
Oakwood College|Huntsville|AL
Oberlin College|Oberlin|OH
Occidental College|Los Angeles|CA
Odessa College|Odessa|TX
Ohio Dominican University|Columbus|OH
Ohio Northern University|Ada|OH
Ohio State University - Newark|Newark|OH
Ohio University|Athens|OH
Ohio Wesleyan University|Delaware|OH
Ohlone College|Fremont|CA
Okaloosa-Walton College|Niceville|FL
Oklahoma Baptist University|Shawnee|OK
Oklahoma City Community College|Oklahoma City|OK
Oklahoma City University|Oklahoma City|OK
Oklahoma State University|Stillwater|OK
Old Dominion University|Norfolk|VA
Olivet Nazarene University|Bourbonnais|IL
Olney Central College|Olney|IL
Onondaga Community College|Syracuse|NY
Oral Roberts University|Tulsa|OK
Orange Coast College|Costa Mesa|CA
Orange County Community College|Middletown|NY
Oregon Institute of Technology|Klamath Falls|OR
Oregon State University|Corvallis|OR
Otterbein College|Westerville|OH
Ouachita Baptist University|Arkadelphia|AR
Our Lady of Holy Cross College|New Orleans|LA
Owens Community College|Perrysburg|OH
Owensboro Community & Technical College|Owensboro|KY
PINNACLE CAREER INSTITUTE|LAWRENCE|KS
POTOMAC STATE CLG-W VIRG UNIV|KEYSER|WV
Pace University|New York|NY
Pace University - Westchester|Pleasantville|NY
Pacific Union College|Angwin|CA
Palm Beach Community College-Central|Lake Worth|FL
Palo Alto College|San Antonio|TX
Palomar College|San Marcos|CA
Paradise Valley Community College|Phoenix|AZ
Park University|Parkville|MO
Pasadena City College|Pasadena|CA
Pearl River Community College|Poplarville|MS
Peirce College|Philadelphia|PA
Pellissippi St Tech Community College|Knoxville|TN
Penn State Erie - Behrend College|Erie|PA
Penn State University - Altoona College|Altoona|PA
Penn State University - Harrisburg|Middletown|PA
Pennsylvania State University|University Park|PA
Pensacola Jr College-Pensacola|Pensacola|FL
Pepperdine University|Malibu|CA
Peru State College|Peru|NE
Phil College of Osteopathic Med|Philadelphia|PA
Philadelphia University|Philadelphia|PA
Phillips Community College-Helena|Helena|AR
Piedmont College-Demorest|Demorest|GA
Pierce College|Woodland Hills|CA
Pikes Peak Community College|Colorado Springs|CO
Pikeville College|Pikeville|KY
Pima Community College - West|Tucson|AZ
Pima Community College District|Tucson|AZ
Pittsburg State University|Pittsburg|KS
Plymouth State University|Plymouth|NH
Point Loma Nazarene University|San Diego|CA
Polk Community College-Winter Haven|Winter Haven|FL
Porterville College|Porterville|CA
Portland Community College-Sylvania|Portland|OR
Portland State University|Portland|OR
Prairie State College|Chicago Heights|IL
Prairie View A & M University|Prairie View|TX
Pratt Institute|Brooklyn|NY
Presbyterian College|Clinton|SC
Prince Georges Community College|Largo|MD
Princeton University|Princeton|NJ
Providence College|Providence|RI
Pueblo Community College|Pueblo|CO
Purdue University|West Lafayette|IN
Purdue University - Calumet|Hammond|IN
Queens University of Charlotte|Charlotte|NC
Quinebaug Valley Community College|Danielson|CT
Quinnipiac University|Hamden|CT
Radford University|Radford|VA
Ramapo College|Mahwah|NJ
Raritan Valley Community College|North Branch|NJ
Red Rocks Community College|Lakewood|CO
Reed College|Portland|OR
Reedley College|Reedley|CA
Regent University|Virginia Beach|VA
Regis College|Weston|MA
Regis University-Denver|Denver|CO
Rensselaer Polytechnic Institute|Troy|NY
Renton Technical College|Renton|WA
Rhode Island College|Providence|RI
Rhode Island School of Design|Providence|RI
Rhodes College|Memphis|TN
Rice University|Houston|TX
Richard Stockton College of NJ|Pomona|NJ
Richland College|Dallas|TX
Richland Community College|Decatur|IL
Rider University|Lawrenceville|NJ
Ridgewater College|Willmar|MN
Riverland Community College|Austin|MN
Riverside Community College|Riverside|CA
Rivier College|Nashua|NH
Roane State Community College|Harriman|TN
Robert Morris University|Moon Township|PA
Rochester Community & Technical College|Rochester|MN
Rochester Institute of Tech|Rochester|NY
Rockhurst University|Kansas City|MO
Rockland Community College|Suffern|NY
Roger Williams University|Bristol|RI
Rogers State University-Claremore|Claremore|OK
Rollins College|Winter Park|FL
Roosevelt University|Chicago|IL
Rose State College|Midwest City|OK
Rose-Hulman Institute of Technology|Terre Haute|IN
Rowan University|Glassboro|NJ
Rowan-Cabarrus Community College-North|Salisbury|NC
Roxbury Community College|Roxbury Crossing|MA
Rutgers The State University of NJ|New Brunswick|NJ
Rutgers University|Camden|NJ
Rutgers University|Newark|NJ
SANTA FE CMTY CLG-NORTH WEST|GAINESVILLE|FL
ST PETERSBURG CLG-GIBBS|ST PETERSBURG|FL
SUNY Alfred State College|Alfred|NY
SUNY Brockport|Brockport|NY
SUNY Canton|Canton|NY
SUNY Cobleskill|Cobleskill|NY
SUNY College at Geneseo|Geneseo|NY
SUNY College at New Paltz|New Paltz|NY
SUNY College at Old Westbury|Old Westbury|NY
SUNY College at Oneonta|Oneonta|NY
SUNY College at Plattsburgh|Plattsburgh|NY
SUNY College at Potsdam|Potsdam|NY
SUNY College of Env Sci/Forestry|Syracuse|NY
SUNY Cortland College|Cortland|NY
SUNY Delhi College of Tech|Delhi|NY
SUNY Erie Community College|Buffalo|NY
SUNY Fredonia|Fredonia|NY
SUNY Institute of Technology|Utica|NY
SUNY Maritime College|Throggs Neck|NY
SUNY Morrisville College of Technology|Morrisville|NY
SUNY Oswego|Oswego|NY
SUNY Stony Brook University|Stony Brook|NY
SUNY University at Albany|Albany|NY
SUNY at Binghamton|Binghamton|NY
Sacramento City College|Sacramento|CA
Sacred Heart University|Fairfield|CT
Saddleback College|Mission Viejo|CA
Saginaw Valley State University|University Center|MI
Saint Joseph's University|Philadelphia|PA
Saint Leo University|Saint Leo|FL
Saint Louis University|Saint Louis|MO
Saint Mary's College|Notre Dame|IN
Saint Marys College of California|Moraga|CA
Saint Michaels College|Colchester|VT
Saint Paul College|Saint Paul|MN
Saint Vincent College|Latrobe|PA
Saint Xavier University|Chicago|IL
Salem State College|Salem|MA
Salisbury University|Salisbury|MD
Salt Lake Community College-Redwood|Salt Lake City|UT
Salve Regina University|Newport|RI
Sam Houston State University|Huntsville|TX
Samford University|Birmingham|AL
San Antonio College|San Antonio|TX
San Bernardino Valley College|San Bernardino|CA
San Diego City College|San Diego|CA
San Diego Mesa College|San Diego|CA
San Diego Miramar College|San Diego|CA
San Diego St University-San Diego|San Diego|CA
San Francisco State University|San Francisco|CA
San Jacinto College - South|Houston|TX
San Jacinto College-Central|Pasadena|TX
San Joaquin Delta College|Stockton|CA
San Jose State University|San Jose|CA
San Juan College|Farmington|NM
Sandhills Community College|Pinehurst|NC
Santa Clara University|Santa Clara|CA
Santa Fe Community College|Santa Fe|NM
Santa Monica College|Santa Monica|CA
Santa Rosa Junior College|Santa Rosa|CA
Sauk Valley Community College|Dixon|IL
Savannah College of Art and Design|Savannah|GA
Savannah State University|Savannah|GA
Schenectady County Community College|Schenectady|NY
Schoolcraft College|Livonia|MI
Seattle Central Community College|Seattle|WA
Seattle Pacific University|Seattle|WA
Seminole Community College-Sanford|Sanford|FL
Seminole State University|Seminole|OK
Seton Hall University|South Orange|NJ
Seton Hill University|Greensburg|PA
Sewanee: The University of The South|Sewanee|TN
Seward County Community College|Liberal|KS
Shepherd University|Shepherdstown|WV
Shippensburg University of Penn|Shippensburg|PA
Shorter College|Rome|GA
Siena College|Loudonville|NY
Sierra College-Rocklin|Rocklin|CA
Sierra Nevada College|Incline Village|NV
Simmons College|Boston|MA
Simpson College|Indianola|IA
Skidmore College|Saratoga Springs|NY
Skyline College|San Bruno|CA
Slippery Rock University|Slippery Rock|PA
Smith College|Northampton|MA
So Union State Community College-Wadley|Wadley|AL
Solano Community College|Fairfield|CA
Somerset Community College|Somerset|KY
Sonoma State University|Rohnert Park|CA
South Carolina State University|Orangeburg|SC
South Dakota School of Mines-Tech|Rapid City|SD
South Dakota State University|Brookings|SD
South Florida Community College-Highlan|Avon Park|FL
South Georgia College|Douglas|GA
South Mountain Community College|Phoenix|AZ
South Suburban College|South Holland|IL
South Texas Community College - Pecan|McAllen|TX
South University - Savannah|Savannah|GA
Southeast Community College|Lincoln|NE
Southeast Missouri State University|Cape Girardeau|MO
Southeast Technical Institute|Sioux Falls|SD
Southeastern Community College|West Burlington|IA
Southeastern Louisiana University|Hammond|LA
Southeastern Oklahoma St University|Durant|OK
Southern Adventist University|Collegedale|TN
Southern Arkansas University|Magnolia|AR
Southern Arkansas University Tech|Camden|AR
Southern Connecticut State University|New Haven|CT
Southern Illinois University|Carbondale|IL
Southern Methodist University|Dallas|TX
Southern Nazarene University|Bethany|OK
Southern New Hampshire University|Manchester|NH
Southern Oregon University|Ashland|OR
Southern Polytechnic State University|Marietta|GA
Southern University A&M College|Baton Rouge|LA
Southern University at New Orleans|New Orleans|LA
Southern Utah University|Cedar City|UT
Southwest Baptist University|Bolivar|MO
Southwest Tenn Community College - Union|Union Avenue|TN
Southwest Tenn Community College-Macon|Memphis|TN
Southwestern Community College|Sylva|NC
Southwestern Ill College-Bell|Belleville|IL
Southwestern Oklahoma St University|Weatherford|OK
Spelman College|Atlanta|GA
Springfield College|Springfield|MA
St Bonaventure University|Saint Bonaventure|NY
St Charles Community College|Cottleville|MO
St Edwards University|Austin|TX
St Francis University|Loretto|PA
St John Fisher College|Rochester|NY
St John's College/College Prof Studies|Queens|NY
St John's University|Queens|NY
St Josephs College|Standish|ME
St Josephs College|Brooklyn|NY
St Lawrence University|Canton|NY
St Louis Community College - Meramec|Kirkwood|MO
St Louis Community College Center Off|Saint Louis|MO
St Mary of The Woods College|Saint Mary-Of-The-Woods|IN
St Marys College of Maryland|Saint Mary's City|MD
St Philips College|San Antonio|TX
St Thomas Aquinas College|Sparkill|NY
St. Catherine University|Minneapolis|MN
St. Cloud State University|Saint Cloud|MN
St. Cloud Technical & Community College|Saint Cloud|MN
St. Francis College|Brooklyn Heights|NY
St. Johns River State College|Palatka|FL
St. Mary's University|San Antonio|TX
St. Norbert College|De Pere|WI
Stanford University|Stanford|CA
Stark State College of Technology|North Canton|OH
Stephen F. Austin State University|Nacogdoches|TX
Stetson University|DeLand|FL
Stonehill College|Easton|MA
Suffolk Cmty Clg Ctrl Adm|Selden|NY
Suffolk Co Community College-Ammerman|Selden|NY
Suffolk University|Boston|MA
Sul Ross State University|Alpine|TX
Susquehanna University|Selinsgrove|PA
Swarthmore College|Swarthmore|PA
Syracuse University|Syracuse|NY
THE ART INST OF CALIF-SAN DIEG|SAN DIEGO|CA
THE WASHINGTON COLLEGE OF LAW|WASHINGTON|DC
TULSA COMMUNITY CLG-SOUTHEAST|TULSA|OK
TULSA COMMUNITY COLLEGE-METRO|TULSA|OK
Taft College|Taft|CA
Tallahassee Community College|Tallahassee|FL
Tarleton State University|Stephenville|TX
Tarrant County College - South|Fort Worth|TX
Taylor University|Upland|IN
Teachers College|New York|NY
Temple University|Philadelphia|PA
Tennessee State University|Nashville|TN
Tennessee Technological University|Cookeville|TN
Texarkana College|Texarkana|TX
Texas A & M University|College Station|TX
Texas A&M International University|Laredo|TX
Texas A&M University - Commerce|Commerce|TX
Texas A&M University - Corpus Christi|Corpus Christi|TX
Texas A&M University - Kingsville|Kingsville|TX
Texas Christian University|Fort Worth|TX
Texas Southern University|Houston|TX
Texas State University - San Marcos|San Marcos|TX
Texas Tech University|Lubbock|TX
Texas Woman's University|Denton|TX
The Citadel|Charleston|SC
The College of New Jersey|Ewing|NJ
The Ohio State University|Columbus|OH
The University of Findlay|Findlay|OH
The University of Montana|Missoula|MT
The University of The Arts|Philadelphia|PA
Thomas College|Waterville|ME
Thomas Edison State College|Trenton|NJ
Thomas Jefferson University|Philadelphia|PA
Thomas Jefferson University|Philadelphia|PA
Thomas More College|Crestview Hills|KY
Thomas Nelson Community College|Hampton|VA
Tiffin University|Tiffin|OH
Touro College|New York|NY
Towson University|Towson|MD
Transylvania University|Lexington|KY
Trevecca Nazarene University|Nashville|TN
Tri-County Technical College|Pendleton|SC
Trident Technical College|Charleston|SC
Trinity College|Hartford|CT
Trinity University|San Antonio|TX
Triton College|River Grove|IL
Troy University - Montgomery|Montgomery|AL
Troy University - Troy|Troy|AL
Truckee Meadows Community College|Reno|NV
Truman State University|Kirksville|MO
Tufts University|Medford|MA
Tulane University|New Orleans|LA
Tunxis Community College|Farmington|CT
Tuskegee University|Tuskegee|AL
Tyler Junior College|Tyler|TX
UC Merced|Merced|CA
UC Santa Cruz|Santa Cruz|CA
UNC Chapel Hill|Chapel Hill|NC
UNC Charlotte|Charlotte|NC
UNC Greensboro|Greensboro|NC
UNC Wilmington|Wilmington|NC
UNIVERSITY OF HAWAII AT HILO|HILO|HI
UNIVERSITY OF LOUISIANA-MONROE|MONROE|LA
UNIVERSITY OF MINNESOTA-MORRIS|MORRIS|MN
UNIVERSITY OF WISC CENTER-FOX VALLEY|MENASHA|WI
UNIVERSITY OF WISCONSIN SYSTEM OFF|MADISON|WI
UNIVERSITY OF WISCONSIN-EAU CLAIRE|EAU CLAIRE|WI
UNIVERSITY OF WISCONSIN-LA CROSSE|LA CROSSE|WI
UNIVERSITY OF WISCONSIN-STEVENS POINT|STEVENS POINT|WI
UNIVERSITY OF WISCONSIN-WHITEWATER|WHITEWATER|WI
Union University|Jackson|TN
United States Naval Academy|Annapolis|MD
University at Buffalo|Buffalo|NY
University of Akron|Akron|OH
University of Alabama|Huntsville|AL
University of Alabama|Tuscaloosa|AL
University of Alabama at Birmingham|Birmingham|AL
University of Alaska|Fairbanks|AK
University of Alaska - Anchorage|Anchorage|AK
University of Arizona|Tucson|AZ
University of Arkansas - Little Rock|Little Rock|AR
University of Arkansas-Fayetteville|Fayetteville|AR
University of Bridgeport|Bridgeport|CT
University of California|Los Angeles|CA
University of California|Santa Barbara|CA
University of California|Davis|CA
University of California - San Francisco|San Francisco|CA
University of California, Berkeley|Berkeley|CA
University of California-Irvine|Irvine|CA
University of California-Riverside|Riverside|CA
University of California-San Diego|La Jolla|CA
University of Central Arkansas|Coneway|AR
University of Central Florida|Orlando|FL
University of Central Missouri|Warrensburg|MO
University of Central Oklahoma|Edmond|OK
University of Chicago|Chicago|IL
University of Cincinnati|Cincinnati|OH
University of Colorado|Boulder|CO
University of Colorado  Colorado Springs|Colorado Springs|CO
University of Colorado  Denver|Denver|CO
University of Connecticut|Storrs|CT
University of Dallas|Irving|TX
University of Dayton|Dayton|OH
University of Delaware|Newark|DE
University of Denver|Denver|CO
University of Detroit Mercy|Detroit|MI
University of District of Columbia|Washington|DC
University of Florida|Gainesville|FL
University of Georgia|Athens|GA
University of Hartford|West Hartford|CT
University of Hawaii|Honlolulu|HI
University of Houston|Houston|TX
University of Houston - Clear Lake|Houston|TX
University of Houston - Downtown|Houston|TX
University of Idaho|Moscow|ID
University of Illinois - Springfield|Springfield|IL
University of Illinois-Chicago|Chicago|IL
University of Illinois-Urbana Champ|Champaign|IL
University of Indianapolis|Indianapolis|IN
University of Iowa|Iowa City|IA
University of Kansas|Lawrence|KS
University of Kentucky|Lexington|KY
University of La Verne|La Verne|CA
University of Louisiana-Lafayette|Lafayette|LA
University of Louisville|Louisville|KY
University of Maine|Orono|ME
University of Mary Washington|Fredericksburg|VA
University of Maryland|College Park|MD
University of Maryland Baltimore Cty|Baltimore|MD
University of Maryland Eastern Shore|Princess Anne|MD
University of Maryland, Baltimore|Baltimore|MD
University of Maryland-University College|Adelphi|MD
University of Mass - Dartmouth|North Dartmouth|MA
University of Mass at Lowell|Lowell|MA
University of Massachusetts|Amherst|MA
University of Massachusetts|Boston|MA
University of Memphis|Memphis|TN
University of Miami|Coral Gables|FL
University of Michigan|Ann Arbor|MI
University of Michigan - Dearborn|Dearborn|MI
University of Michigan -Flint|Flint|MI
University of Minnesota - Duluth|Duluth|MN
University of Minnesota, Twin Cities|Minneapolis|MN
University of Mississippi|University|MS
University of Missouri|Columbia|MO
University of Missouri|Saint Louis|MO
University of Missouri-Kansas City|Kansas City|MO
University of Missouri-Rolla|Rolla|MO
University of Montevallo|Montevallo|AL
University of Nebraska|Lincoln|NE
University of Nebraska at Kearney|Kearney|NE
University of Nebraska at Omaha|Omaha|NE
University of Nevada, Las Vegas|Las Vegas|NV
University of Nevada-Reno|Reno|NV
University of New England|Biddeford|ME
University of New Hampshire|Durham|NH
University of New Haven|West Haven|CT
University of New Mexico|Albuquerque|NM
University of New Orleans|New Orleans|LA
University of North Alabama|Florence|AL
University of North Dakota|Grand Forks|ND
University of North Florida|Jacksonville|FL
University of North Texas|Denton|TX
University of Northern Colorado|Greeley|CO
University of Northern Iowa|Cedar Falls|IA
University of Notre Dame|Notre Dame|IN
University of Oklahoma|Norman|OK
University of Oregon|Eugene|OR
University of Pennsylvania|Philadelphia|PA
University of Pittsburgh|Pittsburgh|PA
University of Portland|Portland|OR
University of Rhode Island|Kingston|RI
University of Richmond|Richmond|VA
University of Rochester|Rochester|NY
University of San Diego|San Diego|CA
University of San Francisco|San Francisco|CA
University of Sci/Arts of Oklahoma|Chickasha|OK
University of Scranton|Scranton|PA
University of So Maine-Portland|Portland|ME
University of South Alabama|Mobile|AL
University of South Carolina|Columbia|SC
University of South Carolina - Aiken|Aiken|SC
University of South Carolina - Spartanburg|Spartanburg|SC
University of South Dakota|Vermillion|SD
University of South Florida|Tampa|FL
University of Southern California|Los Angeles|CA
University of Southern Indiana|Evansville|IN
University of Southern Mississippi|Hattiesburg|MS
University of St Francis|Joliet|IL
University of St Thomas|Houston|TX
University of St. Thomas|Saint Paul|MN
University of Tampa|Tampa|FL
University of Tennessee|Chattanooga|TN
University of Tennessee|Knoxville|TN
University of Tennessee, Martin|Martin|TN
University of Texas|San Antonio|TX
University of Texas  Dallas|Dallas|TX
University of Texas - BrownsvilleSTC|Brownsville|TX
University of Texas - Pan American|Edinburg|TX
University of Texas at Austin|Austin|TX
University of Texas at Tyler|Tyler|TX
University of Texas, El Paso|El Paso|TX
University of Texas-Arlington|Arlington|TX
University of The Cumberlands|Williamsburg|KY
University of The Incarnate Word|San Antonio|TX
University of The Pacific|Stockton|CA
University of Toledo|Toledo|OH
University of Tulsa|Tulsa|OK
University of Utah|Salt Lake City|UT
University of Vermont|Burlington|VT
University of Virginia|Charlottesville|VA
University of Washington-Seattle|Seattle|WA
University of West Alabama|Livingston|AL
University of West Florida|Pensacola|FL
University of West Georgia|Carrollton|GA
University of Wisconsin - Green Bay|Green Bay|WI
University of Wisconsin - Oshkosh|Oshkosh|WI
University of Wisconsin - Parkside|Kenosha|WI
University of Wisconsin-Madison|Madison|WI
University of Wisconsin-Milwaukee|Milwaukee|WI
University of Wisconsin-Stout|Menomonie|WI
University of Wyoming|Laramie|WY
Upper Iowa University|Fayette|IA
Urbana University|Urbana|OH
Ursinus College|Collegeville|PA
Ursuline College|Pepper Pike|OH
Us Air Force Academy|USAFA|CO
Utah State University|Logan|UT
Utah Valley State College|Orem|UT
Utica College|Utica|NY
Valdosta State University|Valdosta|GA
Valencia Community College - East|Orlando|FL
Valencia Community College - Osceola|Kissimmee|FL
Valencia Community College - West|Orlando|FL
Valley City State University|Valley City|ND
Vanderbilt University|Nashville|TN
Vanguard University of South California|Costa Mesa|CA
Vassar College|Poughkeepsie|NY
Vaughn College|Flushing|NY
Ventura College|Ventura|CA
Victor Valley College|Victorville|CA
Victoria College|Victoria|TX
Villa Julie College|Stevenson|MD
Villanova University|Villanova|PA
Vincennes University|Vincennes|IN
Virginia Commonwealth University|Richmond|VA
Virginia Polytech Institute/St University|Blacksburg|VA
Virginia State University|Petersburg|VA
Virginia Wesleyan College|Norfolk|VA
Virginia Western Community College|Roanoke|VA
Volunteer State Community College|Gallatin|TN
WEATHERFORD COLLEGE|WEATHERFORD|TX
WHATCOM COMMUNITY COLLEGE|BELLINGHAM|WA
Wagner College|Staten Island|NY
Wake Forest University|Winston Salem|NC
Wake Technical Community College|Raleigh|NC
Walden University|Minneapolis|MN
Walsh College-Troy|Troy|MI
Walsh University|North Canton|OH
Warner Pacific College|Portland|OR
Warren County Community College|Washington|NJ
Wartburg College|Waverly|IA
Washburn University|Topeka|KS
Washington & Jefferson College|Washington|PA
Washington College|Chestertown|MD
Washington State University|Pullman|WA
Washington University in St. Louis|Saint Louis|MO
Washtenaw Community College|Ann Arbor|MI
Waubonsee Community College|Sugar Grove|IL
Waukesha County Tech College|Pewaukee|WI
Waycross College|Waycross|GA
Wayne County Community College-Downtown|Detroit|MI
Wayne State College|Wayne|NE
Wayne State University|Detroit|MI
Waynesburg College|Waynesburg|PA
Weber State University|Ogden|UT
Webster University|Saint Louis|MO
Wellesley College|Wellesley|MA
Wesleyan University|Middletown|CT
West Chester University of Penn|West Chester|PA
West Kentucky Community/Tech College|Paducah|KY
West Liberty University|West Liberty|WV
West Texas A&M University|Canyon|TX
West Virginia State University|Institute|WV
West Virginia University|Morgantown|WV
Westchester Community College|Valhalla|NY
Western Carolina University|Cullowhee|NC
Western Connecticut State University|Danbury|CT
Western Illinois University|Macomb|IL
Western International University|Phoenix|AZ
Western Kentucky University|Bowling Green|KY
Western Michigan University|Kalamazoo|MI
Western New Mexico University|Silver City|NM
Western Oregon University|Monmouth|OR
Western State College|Gunnison|CO
Western Tech College-La Crosse|La Crosse|WI
Western University of Health Science|Pomona|CA
Western Washington University|Bellingham|WA
Westfield State University|Westfield|MA
Wharton County Junior College|Wharton|TX
Wheaton College|Wheaton|IL
Wheaton College|Norton|MA
Whittier College|Whittier|CA
Wichita State University|Wichita|KS
Wilbur Wright College|Chicago|IL
Wilkes University|Wilkes-Barre|PA
William Carey University-Hattiesburg|Hattiesburg|MS
William Jewell College|Liberty|MO
William Paterson University|Wayne|NJ
William Rainey Harper College|Palatine|IL
Williams College|Williamstown|MA
Wilmington College|Wilmington|OH
Wilmington University|New Castle|DE
Windward Community College|Kaneohe|HI
Wingate University|Wingate|NC
Winona State University|Winona|MN
Winston-Salem State University|Winston Salem|NC
Winthrop University|Rock Hill|SC
Wittenberg University|Springfield|OH
Wofford College|Spartanburg|SC
Woodbury University-Burbank|Burbank|CA
Worcester Polytechnic Institute|Worcester|MA
Worcester State College|Worcester|MA
Wright State University|Dayton|OH
XAVIER UNIVERSITY OF LOUISIANA|NEW ORLEANS|LA
Xavier University|Cincinnati|OH
YORK COLLEGE|YORK|NE
YUBA COMMUNITY CLG DISTRICT|MARYSVILLE|CA
Yale University|New Haven|CT
Yavapai College|Prescott|AZ
Yeshiva University|New York|NY
York College of Penn|York|PA
Youngstown State University|Youngstown|OH
